{
  "parent": "wasd.pearl:recipes/crafter_recipe",
  "display": {
    "icon": {
      "item": "minecraft:clay_ball",
      "nbt": "{CustomModelData:6370000}"
    },
    "title": "Patreon Exclusive Content",
    "description": "\nThese recipes are exclusive to my $1+ Patreon supporters. Gain access by going to\nPatreon.com/WASD_Build_Team\n",
    "frame": "goal",
    "show_toast": true,
    "announce_to_chat": false,
    "hidden": false
  },
  "criteria": {
    "requirement": {
      "trigger": "minecraft:inventory_changed",
      "conditions": {
        "items": [
          {
            "nbt": "{CustomModelData:6370000}",
            "items": [
              "minecraft:clay_ball"
            ]
          }
        ]
      }
    }
  }
}
