{
  "parent": "wasd.pearl:recipes/patron/patreon",
  "display": {
    "icon": {
      "item": "minecraft:ender_pearl",
      "nbt": "{CustomModelData:6370028}"
    },
    "title": "Smooth Pearl",
    "description": "When thrown, you ride it as it flies.",
    "frame": "goal",
    "show_toast": true,
    "announce_to_chat": false,
    "hidden": false
  },
  "criteria": {
    "requirement": {
      "trigger": "minecraft:inventory_changed",
      "conditions": {
        "items": [
          {
            "nbt": "{CustomModelData:6370028}",
            "items": [
              "minecraft:ender_pearl"
            ]
          }
        ]
      }
    }
  }
}
