{
  "pools": [
    {
      "rolls": 1,
      "entries": [
        {
          "type": "minecraft:item",
          "name": "minecraft:item_frame",
          "functions": [
            {
              "function": "minecraft:set_nbt",
              "tag": "{display:{Name:'{\"text\":\"Ender Crafter\",\"italic\":false}'},CustomModelData:6370003,EntityTag:{Invulnerable:1b,Invisible:1b,Fixed:1b,Silent:1b,Tags:[\"wasd.item_frame_block\",\"wasd.pearl_crafter\"],Facing:1b}}"
            }
          ]
        }
      ]
    }
  ]
}
